{
    "extends": "tslint:latest",
    "rules": {
        "array-type": [
            true,
            "array"
        ],
        "class-name": true,
        "comment-format": [
            true,
            "check-space"
        ],
        "curly": [
            true,
            "ignore-same-line"
        ],
        "indent": [
            true,
            "spaces"
        ],
        "interface-name": [
            false
        ],
        "interface-over-type-literal": true,
        "jsdoc-format": true,
        "linebreak-style": false,
        "no-inferrable-types": false,
        "no-internal-module": true,
        "no-null-keyword": false,
        "no-switch-case-fall-through": true,
        "no-trailing-whitespace": [
            false,
            "ignore-template-strings"
        ],
        "no-unnecessary-qualifier": true,
        "no-var-keyword": true,
        "object-literal-shorthand": false,
        "one-line": [
            true,
            "check-open-brace",
            "check-whitespace"
        ],
        "prefer-const": true,
        "quotemark": [
            true,
            "double",
            "avoid-escape"
        ],
        "semicolon": [
            true,
            "always",
            "ignore-bound-class-methods"
        ],
        "space-within-parens": true,
        "triple-equals": true,
        "typedef-whitespace": [
            true,
            {
                "call-signature": "nospace",
                "index-signature": "nospace",
                "parameter": "nospace",
                "property-declaration": "nospace",
                "variable-declaration": "nospace"
            },
            {
                "call-signature": "onespace",
                "index-signature": "onespace",
                "parameter": "onespace",
                "property-declaration": "onespace",
                "variable-declaration": "onespace"
            }
        ],
        "whitespace": [
            true,
            "check-branch",
            "check-decl",
            "check-operator",
            "check-module",
            "check-separator",
            "check-type"
        ],
        "no-implicit-dependencies": [
            true,
            "dev"
        ],
        "object-literal-key-quotes": [
            true,
            "consistent-as-needed"
        ],
        "ban-types": false,
        "variable-name": [
            true,
            "ban-keywords",
            "check-format",
            "allow-leading-underscore"
        ],
        "arrow-parens": false,
        "arrow-return-shorthand": false,
        "forin": false,
        "member-access": true,
        "no-conditional-assignment": false,
        "no-console": false,
        "no-debugger": false,
        "no-empty-interface": false,
        "no-eval": false,
        "no-object-literal-type-assertion": false,
        "no-shadowed-variable": false,
        "no-submodule-imports": false,
        "no-var-requires": false,
        "ordered-imports": false,
        "prefer-conditional-expression": false,
        "radix": false,
        "trailing-comma": false,
        "align": false,
        "eofline": false,
        "max-line-length": false,
        "no-consecutive-blank-lines": false,
        "space-before-function-paren": false,
        "ban-comma-operator": false,
        "max-classes-per-file": false,
        "member-ordering": false,
        "no-angle-bracket-type-assertion": false,
        "no-bitwise": false,
        "no-namespace": false,
        "no-reference": false,
        "object-literal-sort-keys": false,
        "one-variable-per-declaration": false,
        "no-string-literal": false,
        "no-return-await": false,
        "typedef": [true, "call-signature", "parameter", "member-variable-declaration"]
    }
}