{
  "openapi": "3.0.1",
  "info": {
      "title": "SpheraCloud ProductEntitlements API",
      "description": "This is a simple api used to support user to product entitlement lookups for SpheraCloud.\n\nIt supports numerous CRUD-like operations involving products, product versions, licensing, users, and company-level information.  The primary consumer for this service is the SpheraCloud home screen which makes calls to determine which modules should be displayed for a given user based on the company they are associated with.\n\nIn addition to the standard HTTP Restful triggers for this service, there is also native support for processing incoming create, update, and delete events through the SpheraCloud EventHub (Azure ServiceBus).  These additional functions are not visible through the API explorer, although additional linked resources in this portal explain the operations in more detail\n\n<a href='https://platformscdevdocs.z21.web.core.windows.net/services/platform-sc-productentitlements/productentitlements-design.html'>Design documents for this service can her found here</a>.",
      "version": "v1"
  },
  "servers": [{
      "url": "https://platform-api-dev.azure-api.net/productentitlements"
  }],
  "paths": {
      "/products/{id}": {
          "put": {
              "tags": ["Products"],
              "summary": "UpdateProduct",
              "description": "<b><i>Updates a existing Product in the store based on it's ID</i></b>\n\nA product represents a unique module within the SpheraCloud eco-system. Each defined product consists of it's unigue identifier along with additional data relating to its marketing URI site and default image.\n\nNo actual SpheraCloud module should have more than one entry associated with it for a given version number (version). ",
              "operationId": "put-updateproduct",
              "parameters": [{
                  "name": "id",
                  "in": "path",
                  "description": "ID of Product that will be updated (<i>Format - uuid</i>)",
                  "required": true,
                  "schema": {
                      "type": "string"
                  }
              }],
              "requestBody": {
                  "description": "<b><i>Product item model to update</i></b>\n\nGeneral rules for the passed product object: 1) id in the request body must match the the id used in the path parameter, 2) the name must be a non-zero length string, 3) the description must be a non-zero length string, 4) the title must be supplied (it is displayed in the home tiles screen), 5) marketingUrl and marketingImage can either correspond to a physical address or can be relative, and 6) any value for the deleted parameter is ignored.\n\nNOTE: The links (HATEOS) collection is included in the model for completeness purposes; but, it is not necessary to pass such a collection in during a create/add event as it is dynamically generated at retrieval time.",
                  "content": {
                      "application/json": {
                          "schema": {
                              "$ref": "#/components/schemas/Product"
                          }
                      },
                      "application/xml": {
                          "schema": {
                              "$ref": "#/components/schemas/Company"
                          }
                      }
                  }
              },
              "responses": {
                  "200": {
                      "description": "item updated successfully"
                  },
                  "405": {
                      "description": "Invalid input or invalid data"
                  }
              }
          },
          "get": {
              "tags": ["Products"],
              "summary": "GetProductById",
              "description": "<b><i>Returns a single Product based on it's ID</i></b>\n\nA product represents a unique module within the SpheraCloud eco-system. Each defined product consists of it's unigue identifier along with additional data relating to its marketing URI site and default image.\n\nNo actual SpheraCloud module should have more than one entry associated with it for a given version number (version).",
              "operationId": "get-getproductbyid",
              "parameters": [{
                  "name": "id",
                  "in": "path",
                  "description": "ID of Product to return (<i>Format - uuid</i>)",
                  "required": true,
                  "schema": {
                      "type": "string"
                  }
              }],
              "responses": {
                  "200": {
                      "description": "successful operation\n\nThe returned response payload represents a product (SpheraCloud module)",
                      "content": {
                          "application/json": {
                              "schema": {
                                  "$ref": "#/components/schemas/Product"
                              }
                          },
                          "application/xml": {
                              "schema": {
                                  "$ref": "#/components/schemas/Product"
                              }
                          }
                      }
                  },
                  "400": {
                      "description": "Invalid ID supplied"
                  },
                  "404": {
                      "description": "Product not found"
                  }
              }
          },
          "delete": {
              "tags": ["Products"],
              "summary": "RemoveProduct",
              "description": "<b><i>Removes a module from the system</i></b>\n\nA product represents a unique module within the SpheraCloud eco-system. Each defined product consists of it's unigue identifier along with additional data relating to its marketing URI site and default image.\n\nA delete operation does not actually remove the product specified, it merely marks the item as deleted and prevents it from getting returned when retrieving collections.  A deleted product can still be retrieved direcly by it's ID.",
              "operationId": "delete-removeproduct",
              "parameters": [{
                  "name": "id",
                  "in": "path",
                  "description": "ID of Product that needs to be removed (<i>Format - uuid</i>)",
                  "required": true,
                  "schema": {
                      "type": "string"
                  }
              }],
              "responses": {
                  "204": {
                      "description": "item removed successfully"
                  },
                  "400": {
                      "description": "invalid input, object invalid"
                  },
                  "409": {
                      "description": "an existing item could not be removed"
                  }
              }
          }
      },
      "/licenses/{id}": {
          "put": {
              "tags": ["Licenses"],
              "summary": "UpdateLicense",
              "description": "<b><i>Updates a license in the store by ID</i></b>\n\nA license represents a combination of a product and a company. Each license includes an a reference to the company-specific instance URI for a given product (allowing for customization on a per company basis). A license also contains specific start and end dates which should be utilized by the consuming applications.\n\nIt is possible to have more than one license object for a particular company / product combination and, over time, it is likely that several exist although they generally should not overlap on active timeframes.",
              "operationId": "put-updatelicense",
              "parameters": [{
                  "name": "id",
                  "in": "path",
                  "description": "ID of license that needs to be updated (<i>Format - uuid</i>)",
                  "required": true,
                  "schema": {
                      "type": "string"
                  }
              }],
              "requestBody": {
                  "description": "<b><i>License item to update</i></b>\n\nGeneral rules for the passed license object: 1) the startDate must be prior to the endDate, 2) a linkUrl must be provided for the specific product instance, 3) the companyId provided must exist in the system already and 4) the productId provided must exist in the system already.\n\nNOTE: The links (HATEOS) collection is included in the model for completeness purposes; but, it is not necessary to pass such a collection in during a create/add event as it is dynamically generated at retrieval time.",
                  "content": {
                      "application/json": {
                          "schema": {
                              "$ref": "#/components/schemas/License"
                          }
                      },
                      "application/xml": {
                          "schema": {
                              "$ref": "#/components/schemas/License"
                          }
                      }
                  }
              },
              "responses": {
                  "200": {
                      "description": "item updated"
                  },
                  "405": {
                      "description": "Invalid input"
                  }
              }
          },
          "get": {
              "tags": ["Licenses"],
              "summary": "GetLicenseById",
              "description": "<b><i>Returns a single license by ID</i></b>\n\nA license represents a combination of a product and a company. Each license includes an a reference to the company-specific instance URI for a given product (allowing for customization on a per company basis). A license also contains specific start and end dates which should be utilized by the consuming applications.\n\nThis will return a single license if found.",
              "operationId": "get-getlicensebyid",
              "parameters": [{
                  "name": "id",
                  "in": "path",
                  "description": "ID of license to return (<i>Format - uuid</i>)",
                  "required": true,
                  "schema": {
                      "type": "string"
                  }
              }],
              "responses": {
                  "200": {
                      "description": "successful operation\n\nThe returned response payload represents a single license (SpheraCloud module license)",
                      "content": {
                          "application/json": {
                              "schema": {
                                  "$ref": "#/components/schemas/License"
                              }
                          },
                          "application/xml": {
                              "schema": {
                                  "$ref": "#/components/schemas/License"
                              }
                          }
                      }
                  },
                  "400": {
                      "description": "Invalid ID supplied"
                  },
                  "404": {
                      "description": "License not found"
                  }
              }
          },
          "delete": {
              "tags": ["Licenses"],
              "summary": "RemoveLicense",
              "description": "<b><i>Removes a license from the system</i></b>\n\nA license represents a combination of a product and a company. Each license includes an a reference to the company-specific instance URI for a given product (allowing for customization on a per company basis). A license also contains specific start and end dates which should be utilized by the consuming applications.\n\nCalling this method will not actually delete the license, it merely marks it as deleted so that it is not returned during normal operations.  A deleted license can still be retrieved by using it's ID.",
              "operationId": "delete-removelicense",
              "parameters": [{
                  "name": "id",
                  "in": "path",
                  "description": "ID of license that needs to be removed (<i>Format - uuid</i>)",
                  "required": true,
                  "schema": {
                      "type": "string"
                  }
              }],
              "responses": {
                  "204": {
                      "description": "item removed successfully"
                  },
                  "400": {
                      "description": "invalid input, object invalid"
                  },
                  "409": {
                      "description": "an existing item could not be removed"
                  }
              }
          }
      },
      "/companies/{id}": {
          "delete": {
              "tags": ["Companies"],
              "summary": "RemoveCompany",
              "description": "<b><i>Removes a company based on it's ID</i></b>\n\nA company represents a single corporate entity for a user of SpheraCloud.  Each user has a JWT claim for CompanyId which corresponds to a company.\n\nA delete operation does not actually remove the company specified, it merely marks the item as deleted and prevents it from getting returned when retrieving collections. A deleted company can still be retrieved direcly by it's ID.",
              "operationId": "delete-removecompany",
              "parameters": [{
                  "name": "id",
                  "in": "path",
                  "description": "ID of company that needs to be removed (<i>Format - uuid</i>)",
                  "required": true,
                  "schema": {
                      "type": "string"
                  }
              }],
              "responses": {
                  "204": {
                      "description": "item removed successfully"
                  },
                  "400": {
                      "description": "invalid input, object invalid"
                  },
                  "409": {
                      "description": "an existing item could not be removed"
                  }
              }
          },
          "get": {
              "tags": ["Companies"],
              "summary": "GetCompanyById",
              "description": "<b><i>Returns a single company</i></b>\n\nA company represents a single corporate entity for a user of SpheraCloud. Each user has a JWT claim for CompanyId which corresponds to a company.\n\nThis operation returns a single company if one matches the supplied ID.",
              "operationId": "get-getcompanybyid",
              "parameters": [{
                  "name": "id",
                  "in": "path",
                  "description": "ID of company to return (<i>Format - uuid</i>)",
                  "required": true,
                  "schema": {
                      "type": "string"
                  }
              }],
              "responses": {
                  "200": {
                      "description": "successful operation\n\nThe returned response payload represents a company",
                      "content": {
                          "application/json": {
                              "schema": {
                                  "$ref": "#/components/schemas/Company"
                              }
                          },
                          "application/xml": {
                              "schema": {
                                  "$ref": "#/components/schemas/Company"
                              }
                          }
                      }
                  },
                  "400": {
                      "description": "Invalid ID supplied"
                  },
                  "404": {
                      "description": "Company not found"
                  }
              }
          },
          "put": {
              "tags": ["Companies"],
              "summary": "UpdateCompany",
              "description": "<b><i>Updates a company in the store</i></b>\n\nA company represents a single corporate entity for a user of SpheraCloud. Each user has a JWT claim for CompanyId which corresponds to a company.",
              "operationId": "put-updatecompany",
              "parameters": [{
                  "name": "id",
                  "in": "path",
                  "description": "ID of company that needs to be updated (<i>Format - uuid</i>)",
                  "required": true,
                  "schema": {
                      "type": "string"
                  }
              }],
              "requestBody": {
                  "description": "Company item to update\n\nGeneral rules for the passed company object: 1) the id of the company passed in the request body MUST match the ID used in the path parameter, 2) the name value must be a non-zero length strength, and 3) any deleted value passed with the updated company is ignored.\n\nNOTE: The links (HATEOS) collection is included in the model for completeness purposes; but, it is not necessary to pass such a collection in during a create/add event as it is dynamically generated at retrieval time.",
                  "content": {
                      "application/json": {
                          "schema": {
                              "$ref": "#/components/schemas/Company"
                          }
                      },
                      "application/xml": {
                          "schema": {
                              "$ref": "#/components/schemas/Company"
                          }
                      }
                  }
              },
              "responses": {
                  "200": {
                      "description": "item updated successfully"
                  },
                  "405": {
                      "description": "Invalid input"
                  }
              }
          }
      },
      "/products": {
          "get": {
              "tags": ["Products"],
              "summary": "GetProducts",
              "description": "<b><i>Returns all Products in SpheraCloud</i></b>\n\nA product represents a unique module within the SpheraCloud eco-system. Each defined product consists of it's unigue identifier along with additional data relating to its marketing URI site and default image.\n\nThis operation returns a collection of Products.",
              "operationId": "get-getproducts",
              "parameters": [{
                  "name": "skip",
                  "in": "query",
                  "description": "number of records to skip for pagination (<i>Format - int32</i>) - OPTIONAL",
                  "schema": {
                      "type": "integer"
                  }
              }, {
                  "name": "limit",
                  "in": "query",
                  "description": "maximum number of records to return (<i>Format - int32</i>) - OPTIONAL",
                  "schema": {
                      "type": "integer"
                  }
              }],
              "responses": {
                  "200": {
                      "description": "search results matching criteria\n\nIn addition to the returned items collection representing the products, the response also provides a total number of possible matching items and the count of items returned for this call.  This information can be used for paging purposes.",
                      "headers": {
                          "X-TotalRecords-Count": {
                              "description": "the total number of possible matching records",
                              "schema": {
                                  "type": "string"
                              }
                          }
                      },
                      "content": {
                          "application/json": {
                              "schema": {
                                  "$ref": "#/components/schemas/ProductCollection"
                              }
                          },
                          "application/xml": {
                              "schema": {
                                  "$ref": "#/components/schemas/ProductCollection"
                              }
                          }
                      }
                  },
                  "400": {
                      "description": "bad input parameter"
                  }
              }
          },
          "post": {
              "tags": ["Products"],
              "summary": "AddProduct",
              "description": "<b><i>Adds a product to the system</i></b>\n\nA product represents a unique module within the SpheraCloud eco-system. Each defined product consists of it's unigue identifier along with additional data relating to its marketing URI site and default image.\n\nNo actual SpheraCloud module should have more than one entry associated with it for a given version number (version).",
              "operationId": "post-addproduct",
              "requestBody": {
                  "description": "<b><i>Product item model to add</i></b>\n\nGeneral rules for the passed product object: 1) id in the request body must match the the id used in the path parameter, 2) the name must be a non-zero length string, 3) the description must be a non-zero length string, 4) the title must be supplied (it is displayed in the home tiles screen), 5) marketingUrl and marketingImage can either correspond to a physical address or can be relative, and 6) any value for the deleted parameter is ignored.\n\nNOTE: The links (HATEOS) collection is included in the model for completeness purposes; but, it is not necessary to pass such a collection in during a create/add event as it is dynamically generated at retrieval time.",
                  "content": {
                      "application/json": {
                          "schema": {
                              "$ref": "#/components/schemas/Product"
                          }
                      },
                      "application/xml": {
                          "schema": {
                              "$ref": "#/components/schemas/Product"
                          }
                      }
                  }
              },
              "responses": {
                  "201": {
                      "description": "item created successfully\n\nThe response object contains the unique id generated for the new product.",
                      "content": {
                          "application/json": {
                              "schema": {
                                  "$ref": "#/components/schemas/IdentityKey"
                              }
                          },
                          "application/xml": {
                              "schema": {
                                  "$ref": "#/components/schemas/IdentityKey"
                              }
                          }
                      }
                  },
                  "400": {
                      "description": "invalid input, object invalid"
                  },
                  "409": {
                      "description": "an existing item already exists"
                  }
              }
          }
      },
      "/licenses/company/{id}": {
          "get": {
              "tags": ["Licenses"],
              "summary": "GetLicenses",
              "description": "<b><i>Returns a list of licenses for a specific company</i></b>\n\nA license represents a combination of a product and a company. Each license includes an a reference to the company-specific instance URI for a given product (allowing for customization on a per company basis). A license also contains specific start and end dates which should be utilized by the consuming applications.\n\nIt is possible to have more than one license object for a particular company / product combination and, over time, it is likely that several exist although they generally should not overlap on active timeframes.\n\nThis operation returns a collection on success.",
              "operationId": "get-getlicenses",
              "parameters": [{
                  "name": "id",
                  "in": "path",
                  "description": "ID of the company (<i>Format - uuid</i>)",
                  "required": true,
                  "schema": {
                      "type": "string"
                  }
              }, {
                  "name": "skip",
                  "in": "query",
                  "description": "number of records to skip for pagination (<i>Format - int32</i>)",
                  "required": true,
                  "schema": {
                      "type": "integer"
                  }
              }, {
                  "name": "limit",
                  "in": "query",
                  "description": "maximum number of records to return (<i>Format - int32</i>)",
                  "required": true,
                  "schema": {
                      "type": "integer"
                  }
              }],
              "responses": {
                  "200": {
                      "description": "<b><i>search results matching criteria</i></b>\n\nIn addition to the returned items collection representing the licenses for a company, the response also provides a total number of possible matching items and the count of items returned for this call. This information can be used for paging purposes.",
                      "headers": {
                          "X-TotalRecords-Count": {
                              "description": "the total number of possible matching records",
                              "schema": {
                                  "type": "string"
                              }
                          }
                      },
                      "content": {
                          "application/json": {
                              "schema": {
                                  "$ref": "#/components/schemas/LicenseCollection"
                              }
                          },
                          "application/xml": {
                              "schema": {
                                  "$ref": "#/components/schemas/LicenseCollection"
                              }
                          }
                      }
                  },
                  "400": {
                      "description": "bad input parameter"
                  }
              }
          }
      },
      "/entitlements/{id}": {
          "get": {
              "tags": ["Entitlements"],
              "summary": "GetEntitlementsById",
              "description": "<b><i>Returns a companies product entitlements</i></b>\n\nEntitlements represent the collection of all products in SpheraCloud along with specific licenses flagged if the supplied companyId as an appropriate module licensed.\n\nThis method is primarily used by the HomeTiles application (SpheraCloud Home page application) to etermine which tiles to display and also allows it to set the proper URI for each application.",
              "operationId": "get-getentitlementsbyid",
              "parameters": [{
                  "name": "id",
                  "in": "path",
                  "description": "ID of company for which entitlements are to be returned (<i>Format - uuid</i>)",
                  "required": true,
                  "schema": {
                      "type": "string"
                  }
              }],
              "responses": {
                  "200": {
                      "description": "successful operation\n\nThe matching entitlements collection contains all products/modules defined for SpheraCloud.  If the company specified is licensed for any of the products, an additional license data package is included with the appropraite product item.\n\nIn addition to the returned items collection representing the products and any license information, the response also provides a total number of possible matching items and the count of items returned for this call. This information can be used for paging purposes.",
                      "headers": {
                          "X-TotalRecords-Count": {
                              "description": "the total number of possible matching records",
                              "schema": {
                                  "type": "string"
                              }
                          }
                      },
                      "content": {
                          "application/json": {
                              "schema": {
                                  "$ref": "#/components/schemas/EntitlementViewModel"
                              }
                          },
                          "application/xml": {
                              "schema": {
                                  "$ref": "#/components/schemas/EntitlementViewModel"
                              }
                          }
                      }
                  },
                  "400": {
                      "description": "Invalid ID supplied"
                  },
                  "404": {
                      "description": "Company not found"
                  }
              }
          }
      },
      "/companies": {
          "post": {
              "tags": ["Companies"],
              "summary": "AddCompany",
              "description": "<b><i>Adds a company to the system</i></b>\n\nA company represents a single corporate entity for a user of SpheraCloud. Each user has a JWT claim for CompanyId which corresponds to a company.",
              "operationId": "post-addcompany",
              "requestBody": {
                  "description": "<b><i>Company item model to add</i></b>\n\nGeneral rules for the passed company object: 1) the id of the company passed in the request body MUST match the ID used in the path parameter, 2) the name value must be a non-zero length strength, and 3) any deleted value passed with the updated company is ignored.\n\nNOTE: The links (HATEOS) collection is included in the model for completeness purposes; but, it is not necessary to pass such a collection in during a create/add event as it is dynamically generated at retrieval time.",
                  "content": {
                      "application/json": {
                          "schema": {
                              "$ref": "#/components/schemas/Company"
                          }
                      },
                      "application/xml": {
                          "schema": {
                              "$ref": "#/components/schemas/Company"
                          }
                      }
                  }
              },
              "responses": {
                  "201": {
                      "description": "item created\n\nThe response object represents the unique identifier for the newly created object.",
                      "content": {
                          "application/json": {
                              "schema": {
                                  "$ref": "#/components/schemas/IdentityKey"
                              }
                          },
                          "application/xml": {
                              "schema": {
                                  "$ref": "#/components/schemas/IdentityKey"
                              }
                          }
                      }
                  },
                  "400": {
                      "description": "invalid input, object invalid"
                  },
                  "409": {
                      "description": "an existing item already exists"
                  }
              }
          },
          "get": {
              "tags": ["Companies"],
              "summary": "GetCompanies",
              "description": "<b><i>Return a list of all companies</i></b>\n\nA company represents a single corporate entity for a user of SpheraCloud. Each user has a JWT claim for CompanyId which corresponds to a company.\n\nThis operation returns a collection.",
              "operationId": "get-getcompanies",
              "parameters": [{
                  "name": "skip",
                  "in": "query",
                  "description": "number of records to skip for pagination (<i>Format - int32</i>)",
                  "schema": {
                      "type": "integer"
                  }
              }, {
                  "name": "limit",
                  "in": "query",
                  "description": "maximum number of records to return (<i>Format - int32</i>)",
                  "schema": {
                      "type": "integer"
                  }
              }],
              "responses": {
                  "200": {
                      "description": "search results matching criteria\n\nThe returned response payload represents a company collection.\n\nIn addition to the returned items collection representing the companies, the response also provides a total number of possible matching items and the count of items returned for this call. This information can be used for paging purposes.",
                      "headers": {
                          "X-TotalRecords-Count": {
                              "description": "the total number of possible matching records",
                              "schema": {
                                  "type": "string"
                              }
                          }
                      },
                      "content": {
                          "application/json": {
                              "schema": {
                                  "$ref": "#/components/schemas/CompanyCollection"
                              }
                          },
                          "application/xml": {
                              "schema": {
                                  "$ref": "#/components/schemas/CompanyCollection"
                              }
                          }
                      }
                  },
                  "400": {
                      "description": "bad input parameter"
                  }
              }
          }
      },
      "/licenses": {
          "post": {
              "tags": ["Licenses"],
              "summary": "AddLicense",
              "description": "<b><i>Adds a new license to the system.</i></b>\n\nA license represents a combination of a product and a company.  Each license includes an a reference to the company-specific instance URI for a given product (allowing for customization on a per company basis).  A license also contains specific start and end dates which should be utilized by the consuming applications.  \n\nIt is possible to have more than one license object for a particular company / product combination and, over time, it is likely that several exist although they generally should not overlap on active timeframes.",
              "operationId": "post-addlicense",
              "requestBody": {
                  "description": "<b><i>License item to add.</i></b>\n\nGeneral rules for the passed license object: 1) the startDate must be prior to the endDate, 2) a linkUrl must be provided for the specific product instance, 3) the companyId provided must exist in the system already and 4) the productId provided must exist in the system already.\n\nNOTE: The links (HATEOS) collection is included in the model for completeness purposes; but, it is not necessary to pass such a collection in during a create/add event as it is dynamically generated at retrieval time.",
                  "content": {
                      "application/json": {
                          "schema": {
                              "$ref": "#/components/schemas/License"
                          }
                      },
                      "application/xml": {
                          "schema": {
                              "$ref": "#/components/schemas/License"
                          }
                      }
                  }
              },
              "responses": {
                  "201": {
                      "description": "item created",
                      "content": {
                          "application/json": {
                              "schema": {
                                  "$ref": "#/components/schemas/IdentityKey"
                              }
                          },
                          "application/xml": {
                              "schema": {
                                  "$ref": "#/components/schemas/IdentityKey"
                              }
                          }
                      }
                  },
                  "400": {
                      "description": "invalid input, object invalid"
                  },
                  "409": {
                      "description": "an existing item already exists"
                  }
              }
          }
      }
  },
  "components": {
      "schemas": {
          "Parameter": {
              "required": ["name", "value", "type"],
              "type": "object",
              "properties": {
                  "name": {
                      "type": "string",
                      "description": "stored procedure variable name",
                      "example": "companyid"
                  },
                  "value": {
                      "type": "object",
                      "description": "the parameter value",
                      "example": "3"
                  },
                  "type": {
                      "type": "object",
                      "description": "sql datatype of parameter",
                      "example": "sql.Uniqueidentifier"
                  }
              },
              "description": "Represents a database stored procedure parameter"
          },
          "IdentityKey": {
              "required": ["id"],
              "type": "object",
              "properties": {
                  "id": {
                      "type": "string",
                      "description": "the identity key",
                      "format": "uuid",
                      "example": "d290f1ee-6c54-4b01-90e6-d701748f0851"
                  }
              },
              "description": "Represents a generated unique identifier"
          },
          "Product": {
              "required": ["id", "name", "description", "title", "marketingUrl", "marketingImage", "deleted"],
              "type": "object",
              "properties": {
                  "id": {
                      "type": "string",
                      "description": "Product unique identifier",
                      "format": "uuid",
                      "example": "d290f1ee-6c54-4b01-90e6-d701748f0851"
                  },
                  "name": {
                      "type": "string",
                      "description": "Name of the product",
                      "example": "Safeguard"
                  },
                  "description": {
                      "type": "string",
                      "description": "Description for the product.",
                      "example": "The Safeguard product provides a solution for..."
                  },
                  "title": {
                      "type": "string",
                      "description": "Display title for the product",
                      "example": "SafeGuard"
                  },
                  "marketingUrl": {
                      "type": "string",
                      "description": "The default non-licensed url for the product",
                      "example": "https://sphera.com/safeguard"
                  },
                  "marketingImage": {
                      "type": "string",
                      "description": "Display image for the product",
                      "example": "https://sphera.com/images/safeguard-tile.pung"
                  },
                  "deleted": {
                      "type": "boolean",
                      "description": "Deleted flag",
                      "example": false
                  },
                  "links": {
                      "type": "array",
                      "items": {
                          "$ref": "#/components/schemas/Link"
                      }
                  }
              },
              "description": "Represents a product in SpheraCloud along with all versions"
          },
          "Company": {
              "required": ["id", "name", "deleted"],
              "type": "object",
              "properties": {
                  "id": {
                      "type": "string",
                      "description": "Unique identifier for the company / customer",
                      "format": "uuid",
                      "example": "d290f1ee-6c54-4b01-90e6-d701748f0851"
                  },
                  "name": {
                      "type": "string",
                      "description": "Name of the company / customer",
                      "example": "ABC Company"
                  },
                  "deleted": {
                      "type": "boolean",
                      "description": "Deleted flag",
                      "example": false
                  },
                  "links": {
                      "type": "array",
                      "items": {
                          "$ref": "#/components/schemas/Link"
                      }
                  }
              },
              "description": "Represents a distinct company in SpheraCloud for the purposes of Module Entitlements"
          },
          "License": {
              "required": ["id", "companyId", "productId", "linkUrl", "linkImage", "startDate", "endDate", "deleted"],
              "type": "object",
              "properties": {
                  "id": {
                      "type": "string",
                      "description": "Unique identifier for the license",
                      "format": "uuid",
                      "example": "d290f1ee-6c54-4b01-90e6-d701748f0851"
                  },
                  "productId": {
                      "type": "string",
                      "description": "Unique identifier for the product",
                      "format": "uuid",
                      "example": "d290f1ee-6c54-4b01-90e6-d701748f0851"
                  },
                  "companyId": {
                      "type": "string",
                      "description": "Unique identifier for the company",
                      "format": "uuid",
                      "example": "d290f1ee-6c54-4b01-90e6-d701748f0851"
                  },
                  "linkUrl": {
                      "type": "string",
                      "description": "The url to the companies product",
                      "format": "uri",
                      "example": "https://wwww.spheracloud.net/safeguard"
                  },
                  "linkImage": {
                      "type": "string",
                      "description": "The url to the default tile image for the companies product.",
                      "format": "uri",
                      "example": "https://www.spheracloud.net/images/safeguard-tile.png"
                  },
                  "startDate": {
                      "type": "string",
                      "description": "License start date",
                      "format": "date-time",
                      "example": "2019-10-01T10:00:00.0000000+00:00"
                  },
                  "endDate": {
                      "type": "string",
                      "description": "License end date",
                      "format": "date-time",
                      "example": "2020-10-01T10:00:00.0000000+00:00"
                  },
                  "deleted": {
                      "type": "boolean",
                      "description": "deleted flag",
                      "example": false
                  },
                  "links": {
                      "type": "array",
                      "items": {
                          "$ref": "#/components/schemas/Link"
                      }
                  }
              },
              "description": "Represents a specific product that is licensed to a company"
          },
          "Link": {
              "required": ["href", "rel"],
              "type": "object",
              "properties": {
                  "href": {
                      "type": "string",
                      "description": "uri reference to resource",
                      "example": "products/10"
                  },
                  "rel": {
                      "type": "string",
                      "description": "relation to resource",
                      "example": "self"
                  },
                  "type": {
                      "enum": ["GET", "POST", "PUT"],
                      "type": "string",
                      "description": "operation supported"
                  }
              },
              "description": "HATEOAS link object"
          },
          "ProductViewModel": {
              "allOf": [{
                  "$ref": "#/components/schemas/Product"
              }, {
                  "type": "object",
                  "properties": {
                      "license": {
                          "$ref": "#/components/schemas/License"
                      }
                  }
              }],
              "description": "The product license viewmodel"
          },
          "EntitlementViewModel": {
              "required": ["companyId", "companyName", "products"],
              "type": "object",
              "properties": {
                  "companyId": {
                      "type": "string",
                      "description": "the company unique identifier",
                      "format": "uuid",
                      "example": "d290f1ee-6c54-4b01-90e6-d701748f0851"
                  },
                  "companyName": {
                      "type": "string",
                      "description": "the company name",
                      "example": "Test Company Inc."
                  },
                  "products": {
                      "type": "array",
                      "items": {
                          "$ref": "#/components/schemas/ProductViewModel"
                      }
                  }
              },
              "description": "The company entitlement view model"
          },
          "CompanyCollection": {
              "required": ["items", "itemCount", "totalCount"],
              "type": "object",
              "properties": {
                  "items": {
                      "type": "array",
                      "items": {
                          "$ref": "#/components/schemas/Company"
                      }
                  },
                  "itemCount": {
                      "type": "integer",
                      "description": "The number of items returned with this request",
                      "example": 3
                  },
                  "totalCount": {
                      "type": "integer",
                      "description": "The totalnumber of items thatcan be returned that match the request",
                      "example": 5
                  },
                  "links": {
                      "type": "array",
                      "items": {
                          "$ref": "#/components/schemas/Link"
                      }
                  }
              },
              "description": "Represents a company collection."
          },
          "ProductCollection": {
              "required": ["items", "itemCount", "totalCount"],
              "type": "object",
              "properties": {
                  "items": {
                      "type": "array",
                      "items": {
                          "$ref": "#/components/schemas/Product"
                      }
                  },
                  "itemCount": {
                      "type": "integer",
                      "description": "The number of items returned with this request",
                      "example": 3
                  },
                  "totalCount": {
                      "type": "integer",
                      "description": "The totalnumber of items thatcan be returned that match the request",
                      "example": 5
                  },
                  "links": {
                      "type": "array",
                      "items": {
                          "$ref": "#/components/schemas/Link"
                      }
                  }
              },
              "description": "Represents a product collection."
          },
          "LicenseCollection": {
              "required": ["items", "itemCount", "totalCount"],
              "type": "object",
              "properties": {
                  "items": {
                      "type": "array",
                      "items": {
                          "$ref": "#/components/schemas/License"
                      }
                  },
                  "itemCount": {
                      "type": "integer",
                      "description": "The number of items returned with this request",
                      "example": 3
                  },
                  "totalCount": {
                      "type": "integer",
                      "description": "The totalnumber of items thatcan be returned that match the request",
                      "example": 5
                  },
                  "links": {
                      "type": "array",
                      "items": {
                          "$ref": "#/components/schemas/Link"
                      }
                  }
              },
              "description": "Represents a license collection."
          }
      },
      "securitySchemes": {
          "apiKeyHeader": {
              "type": "apiKey",
              "name": "Ocp-Apim-Subscription-Key",
              "in": "header"
          },
          "apiKeyQuery": {
              "type": "apiKey",
              "name": "subscription-key",
              "in": "query"
          }
      }
  },
  "security": [{
      "apiKeyHeader": []
  }, {
      "apiKeyQuery": []
  }],
  "tags": [{
      "name": "Products",
      "description": "Everything about SpheraCloud modules that run as a part of our suite in SpheraCloud",
      "externalDocs": {
          "description": "Find out more",
          "url": "http://spheracloud.net/products"
      }
  }, {
      "name": "Entitlements",
      "description": "Operations about user entitlements in SpheraCloud",
      "externalDocs": {
          "description": "Find out more",
          "url": "http://spheracloud.net/entitlements"
      }
  }, {
      "name": "Companies",
      "description": "Operations about companies/customers in SpheraCloud",
      "externalDocs": {
          "description": "Find out more",
          "url": "http://spheracloud.net/companies"
      }
  }, {
      "name": "Licenses",
      "description": "Operations about licenses in SpheraCloud",
      "externalDocs": {
          "description": "Find out more",
          "url": "http://spheracloud.net/licenses"
      }
  }]
}