{
  "IsEncrypted": false,
  "Values": {
    "AzureWebJobsStorage": "UseDevelopmentStorage=true",
    "FUNCTIONS_WORKER_RUNTIME": "node",
    "sb_conn": "Endpoint=sb://platform-sc-eventhub-dev.servicebus.windows.net/;SharedAccessKeyName=RootManageSharedAccessKey;SharedAccessKey=RWZBb6DWCCvts2RyijanU7yQfptxVU+Orhu/UgK4Zjs=",
    "db_server": "spheraidentity.database.windows.net",
    "db_database": "ProductEntitlements",
    "db_username": "idDirector",
    "db_password": "5pheraCloud",
    "cache_location": "platform-sc-productentitlements-dev.redis.cache.windows.net",
    "cache_port": 6380,
    "cache_key": "FJ1iH6n7OI14VJze+POtKafgQ0Ct92lqq2gtjMYNiLg=",
    "cache_expiry": 3600
  }
}
