{
  "IsEncrypted": false,
  "Values": {
    "WEBSITE_SLOT_NAME": "Production",
    "FUNCTIONS_EXTENSION_VERSION": "~2",
    "ScmType": "None",
    "WEBSITE_AUTH_ENABLED": "False",
    "WEBSITE_RUN_FROM_PACKAGE": "1",
    "REMOTEDEBUGGINGVERSION": "15.0.28010.00",
    "WEBSITE_NODE_DEFAULT_VERSION": "10.14.1",
    "WEBSITE_CONTENTAZUREFILECONNECTIONSTRING": "DefaultEndpointsProtocol=...",
    "WEBSITE_CONTENTSHARE": "apim-portal-publisher-content",
    "WEBSITE_AUTH_AUTO_AAD": "False",
    "FUNCTIONS_WORKER_RUNTIME": "node",
    "WEBSITE_SITE_NAME": "apim-portal-publisher",
    "WEBSITE_AUTH_LOGOUT_PATH": "/.auth/logout",
    "AzureWebJobsStorage": "DefaultEndpointsProtocol=..."
  }
}