{
    "openapi": "3.0.1",
    "servers": [
      {
        "description": "SpheraCloud development environment",
        "url": "https://platform-api-dev.azure-api.net/notifications"
      }
    ],
    "info": {
      "description": "<p>This is a simple api used to support user based notifications in SpheraCloud. </p><p>For exctended reference documentation see <a href='https://platformscdevdocs.z21.web.core.windows.net/platform-sc-notifications-design.html'>Service Operational Documentation</a> for more details. .</p>",
      "version": "1.0.0",
      "title": "SpheraCloud Notifications API",
      "termsOfService": "http://spheracloud.net/terms/",
      "contact": {
        "email": "jshaughnessy@spherasolutions.com"
      },
      "license": {
        "name": "Apache 2.0",
        "url": "http://www.apache.org/licenses/LICENSE-2.0.html"
      }
    },
    "tags": [
      {
        "name": "Notifications",
        "description": "Everything about SpheraCloud modules that run as a part of our suite in SpheraCloud",
        "externalDocs": {
          "description": "Find out more",
          "url": "http://spheracloud.net/products"
        }
      }
    ],
    "paths": {
      "/notifications/{id}": {
        "get": {
          "tags": [
            "Notifications"
          ],
          "summary": "GetNotificationsById",
          "description": "returns a specific notification by id",
          "parameters": [
            {
              "name": "id",
              "in": "path",
              "description": "ID of User",
              "required": true,
              "schema": {
                "type": "string",
                "format": "uuid"
              }
            }
          ],
          "responses": {
            "200": {
              "description": "successful operation",
              "content": {
                "application/json": {
                  "schema": {
                    "$ref": "#/components/schemas/Notification"
                  }
                },
                "application/xml": {
                  "schema": {
                    "$ref": "#/components/schemas/Notification"
                  }
                }
              }
            },
            "400": {
              "description": "Invalid ID supplied"
            },
            "404": {
              "description": "Notification not found"
            }
          }
        },
        "put": {
          "tags": [
            "Notifications"
          ],
          "summary": "UpdateNotification",
          "description": "Updates a Notification in the store",
          "operationId": "put-updatenotification",
          "parameters": [
            {
              "name": "id",
              "in": "path",
              "description": "ID of Notification that needs to be updated",
              "required": true,
              "schema": {
                "type": "string",
                "format": "uuid"
              }
            }
          ],
          "requestBody": {
            "content": {
              "application/json": {
                "schema": {
                  "$ref": "#/components/schemas/Notification"
                }
              },
              "application/xml": {
                "schema": {
                  "$ref": "#/components/schemas/Notification"
                }
              }
            },
            "description": "Notification item model to updated"
          },
          "responses": {
            "200": {
              "description": "item updated"
            },
            "405": {
              "description": "Invalid input"
            }
          }
        },
        "delete": {
          "tags": [
            "Notifications"
          ],
          "summary": "RemoveNotification",
          "operationId": "delete-removepnotification",
          "description": "Removes a Notification from the system",
          "parameters": [
            {
              "name": "id",
              "in": "path",
              "description": "ID of Notification that needs to be removed",
              "required": true,
              "schema": {
                "type": "string",
                "format": "uuid"
              }
            }
          ],
          "responses": {
            "204": {
              "description": "item removed"
            },
            "400": {
              "description": "invalid input, object invalid"
            },
            "409": {
              "description": "an existing item could not be removed"
            }
          }
        }
      },
      "/notifications/user/{id}": {
        "get": {
          "tags": [
            "Notifications"
          ],
          "summary": "GetNotificationsByUserId",
          "description": "returns a collection of notifications for a given user",
          "operationId": "get-getnotificationsbyuserid",
          "parameters": [
            {
              "name": "id",
              "in": "path",
              "description": "ID of User",
              "required": true,
              "schema": {
                "type": "string",
                "format": "uuid"
              }
            }
          ],
          "responses": {
            "200": {
              "description": "successful operation",
              "content": {
                "application/json": {
                  "schema": {
                    "$ref": "#/components/schemas/NotificationCollection"
                  }
                },
                "application/xml": {
                  "schema": {
                    "$ref": "#/components/schemas/NotificationCollection"
                  }
                }
              }
            },
            "400": {
              "description": "Invalid ID supplied"
            },
            "404": {
              "description": "Notifications not found"
            }
          }
        },
        "post": {
          "tags": [
            "Notifications"
          ],
          "summary": "AddNotification",
          "operationId": "post-addnotification",
          "description": "Adds a Notifications to the system",
          "parameters": [
            {
              "name": "id",
              "in": "path",
              "description": "ID of user that should receive notification",
              "required": true,
              "schema": {
                "type": "string",
                "format": "uuid"
              }
            }
          ],
          "requestBody": {
            "content": {
              "application/json": {
                "schema": {
                  "$ref": "#/components/schemas/Notification"
                }
              },
              "application/xml": {
                "schema": {
                  "$ref": "#/components/schemas/Notification"
                }
              }
            },
            "description": "Notification item model to add"
          },
          "responses": {
            "201": {
              "description": "item created",
              "content": {
                "application/json": {
                  "schema": {
                    "type": "object",
                    "$ref": "#/components/schemas/IdentityKey"
                  }
                },
                "application/xml": {
                  "schema": {
                    "type": "object",
                    "$ref": "#/components/schemas/IdentityKey"
                  }
                }
              }
            },
            "400": {
              "description": "invalid input, object invalid"
            },
            "409": {
              "description": "an existing item already exists"
            }
          }
        }
      }
    },
    "components": {
      "schemas": {
        "Parameter": {
          "type": "object",
          "description": "Represents a database stored procedure parameter",
          "required": [
            "name",
            "value",
            "type"
          ],
          "properties": {
            "name": {
              "type": "string",
              "description": "stored procedure variable name",
              "example": "companyid"
            },
            "value": {
              "type": "object",
              "description": "the parameter value",
              "example": 3
            },
            "type": {
              "type": "object",
              "description": "sql datatype of parameter",
              "example": "sql.Uniqueidentifier"
            }
          }
        },
        "IdentityKey": {
          "type": "object",
          "description": "Represents a generated unique identifier",
          "required": [
            "id"
          ],
          "properties": {
            "id": {
              "type": "string",
              "format": "uuid",
              "description": "the identity key for the",
              "example": "d290f1ee-6c54-4b01-90e6-d701748f0851"
            }
          }
        },
        "Notification": {
          "type": "object",
          "description": "Represents a single notification message",
          "required": [
            "id"
          ],
          "properties": {
            "id": {
              "type": "string",
              "format": "uuid",
              "description": "the identity key for the message",
              "example": "d290f1ee-6c54-4b01-90e6-d701748f0851"
            },
            "userId": {
              "type": "string",
              "format": "uuid",
              "description": "the unique key for the user",
              "example": "d290f1ee-6c54-4b01-90e6-d701748f0851"
            },
            "companyId": {
              "type": "string",
              "format": "uuid",
              "description": "the unique key for the users company",
              "example": "d290f1ee-6c54-4b01-90e6-d701748f0851"
            },
            "type": {
              "type": "string",
              "description": "notification type",
              "enum": [
                "INFO",
                "WARNING",
                "ALERT"
              ]
            },
            "subject": {
              "type": "string",
              "format": "text",
              "description": "an optional header or subject for the message",
              "example": "Incident Report"
            },
            "message": {
              "type": "string",
              "format": "text",
              "description": "the actual contents of the message to be sent, displayed, or stored",
              "example": "This is an important message..."
            },
            "source": {
              "type": "string",
              "description": "the name of the source system generating the message",
              "example": "FirstReport"
            },
            "receivedTimestamp": {
              "type": "string",
              "format": "date-time",
              "description": "the UTC time the message was received by the notification system",
              "example": "2020-10-01T10:00:00.000Z"
            },
            "sentTimestamp": {
              "type": "string",
              "format": "date-time",
              "description": "the UTC time the message was received by the notification system",
              "example": "2020-10-01T10:00:00.000Z"
            },
            "read": {
              "type": "boolean",
              "description": "flag indicating whether the message has been read or marked as read",
              "example": true
            },
            "readTimestamp": {
              "type": "string",
              "format": "date-time",
              "description": "a timestamp of when the message was read",
              "example": "2020-10-01T10:05:00.000Z"
            },
            "status": {
              "type": "string",
              "description": "message status",
              "enum": [
                "UNPROCESSED",
                "PROCESSING",
                "SENT",
                "READ",
                "DELETED"
              ]
            },
            "links": {
              "type": "array",
              "items": {
                "$ref": "#/components/schemas/Link"
              }
            }
          }
        },
        "NotificationCollection": {
          "type": "object",
          "description": "Represents a notifications collection.",
          "required": [
            "items",
            "itemCount",
            "totalCount"
          ],
          "properties": {
            "items": {
              "type": "array",
              "items": {
                "$ref": "#/components/schemas/Notification"
              }
            },
            "itemCount": {
              "type": "integer",
              "description": "The number of items returned with this request",
              "example": "3"
            },
            "totalCount": {
              "type": "integer",
              "description": "The total number of items that can be returned that match the request",
              "example": "5"
            },
            "links": {
              "type": "array",
              "items": {
                "$ref": "#/components/schemas/Link"
              }
            }
          }
        },
        "Link": {
          "type": "object",
          "description": "HATEOAS link object",
          "required": [
            "href",
            "rel"
          ],
          "properties": {
            "href": {
              "type": "string",
              "description": "uri reference to resource",
              "example": "notifications/10"
            },
            "rel": {
              "type": "string",
              "description": "relation to resource",
              "example": "self"
            },
            "type": {
              "type": "string",
              "description": "operation supported",
              "enum": [
                "GET",
                "POST",
                "PUT"
              ]
            }
          }
        }
      },
      "headers": {
        "X-TotalRecords-Count": {
          "schema": {
            "type": "integer",
            "description": "The total number of records generated",
            "example": 65
          }
        }
      },
      "securitySchemes": {
        "apiKeyHeader": {
          "type": "apiKey",
          "name": "Ocp-Apim-Subscription-Key",
          "in": "header"
        },
        "apiKeyQuery": {
          "type": "apiKey",
          "name": "subscription-key",
          "in": "query"
        }
      }
    },
    "security": [
      {
        "apiKeyHeader": []
      },
      {
        "apiKeyQuery": []
      }
    ]
  }