{
  "managementApiUrl": "https://platform-api-dev.management.azure-api.net/subscriptions/xxxxxxxx-xxxx-xxxx-xxxx-xxxxxxxxxxxx/resourceGroups/xxxxx/providers/Microsoft.ApiManagement/service/platform-api-dev",
  "managementApiVersion": "2018-06-01-preview",
  "managementApiAccessToken": "SharedAccessSignature integration&201912202001&aNacJtrRpTzSbVjbuHwlFbXOJxHwz/umJ+cq3Pip1Jl1yjjvL9zUbY7XWi61Hgh7C6G2tJnQbcEgANI+0WFEMg==",
  "managementApiUserId": "1",
  "blobStorageContainer": "content",
  "blobStorageUrl": "https://spheraapidevportal.blob.core.windows.net/?sv=2019-02-02&ss=bfqt&srt=sco&sp=rwdlacup&se=2019-11-21T04:03:01Z&st=2019-11-20T20:03:01Z&spr=https&sig=2dCO2B8tfJVxlN2XTK2Y0CBbfjlPSjTuqPU0Civ38VI%3D",
  "environment": "development",
  "backendUrl": "https://platform-api-dev.developer.azure-api.net",
  "useHipCaptcha": false
}