{
  "managementApiUrl": "https://platform-api-dev.management.azure-api.net/subscriptions/xxxxxxxx-xxxx-xxxx-xxxx-xxxxxxxxxxxx/resourceGroups/xxxxx/providers/Microsoft.ApiManagement/service/platform-api-dev",
  "managementApiVersion": "2018-06-01-preview",
  "managementApiAccessToken": "SharedAccessSignature integration&201912202001&aNacJtrRpTzSbVjbuHwlFbXOJxHwz/umJ+cq3Pip1Jl1yjjvL9zUbY7XWi61Hgh7C6G2tJnQbcEgANI+0WFEMg==",
  "blobStorageContainer": "content",
  "blobStorageConnectionString": "DefaultEndpointsProtocol=https;AccountName=spheraapidevportal;AccountKey=V9FokZ8t/Yn7gx0BVxwbT6kMxm6aeq1BdYdoY+a9HFyWIrde7KpaAUvIpYv5YviHezuMZl7fnno5ryIIXNEQEw==;EndpointSuffix=core.windows.net",
  "environment": "publishing",
  "useHipCaptcha": false
}